{"cameraMode":{"drawMode":0,"name":"Shaded","section":"Shading Mode"},"sceneLighting":true,"audioPlay":false,"sceneViewState":{"showFog":true,"showMaterialUpdate":false,"showSkybox":true,"showFlares":true,"showImageEffects":true,"showParticleSystems":true},"in2DMode":false,"pivot":{"x":-47.27193832397461,"y":8.112556457519532,"z":70.14076232910156},"rotation":{"x":-0.00990278273820877,"y":0.9814096093177795,"z":-0.053374748677015308,"w":-0.18437981605529786},"size":29.141536712646486,"orthographic":false}