{"cameraMode":{"drawMode":0,"name":"Shaded","section":"Shading Mode"},"sceneLighting":true,"audioPlay":false,"sceneViewState":{"showFog":true,"showMaterialUpdate":false,"showSkybox":true,"showFlares":true,"showImageEffects":true,"showParticleSystems":true},"in2DMode":false,"pivot":{"x":-0.9181469678878784,"y":1.1261472702026368,"z":-30.12834358215332},"rotation":{"x":0.06855478882789612,"y":-0.5348508358001709,"z":0.043566592037677768,"w":0.8411290645599365},"size":5.301941394805908,"orthographic":false}