{"cameraMode":{"drawMode":0,"name":"Shaded","section":"Shading Mode"},"sceneLighting":false,"audioPlay":false,"sceneViewState":{"showFog":true,"showMaterialUpdate":false,"showSkybox":false,"showFlares":true,"showImageEffects":true,"showParticleSystems":true},"in2DMode":false,"pivot":{"x":0.0,"y":0.594489336013794,"z":0.26272889971733096},"rotation":{"x":-0.017358804121613504,"y":-0.9816393256187439,"z":0.10971958935260773,"w":-0.15530025959014893},"size":4.844419002532959,"orthographic":false}