{"cameraMode":{"drawMode":0,"name":"Shaded","section":"Shading Mode"},"sceneLighting":true,"audioPlay":false,"sceneViewState":{"showFog":true,"showMaterialUpdate":false,"showSkybox":true,"showFlares":true,"showImageEffects":true,"showParticleSystems":true},"in2DMode":false,"pivot":{"x":6.917391777038574,"y":2.9485340118408205,"z":-28.561065673828126},"rotation":{"x":-0.27786824107170107,"y":0.6247942447662354,"z":-0.2537722587585449,"w":-0.6841301918029785},"size":9.039351463317871,"orthographic":false}