{"cameraMode":{"drawMode":0,"name":"Shaded","section":"Shading Mode"},"sceneLighting":true,"audioPlay":false,"sceneViewState":{"showFog":true,"showMaterialUpdate":false,"showSkybox":true,"showFlares":true,"showImageEffects":true,"showParticleSystems":true},"in2DMode":false,"pivot":{"x":-1.3475847244262696,"y":-11.319393157958985,"z":-9.163898468017579},"rotation":{"x":-0.2801150679588318,"y":0.1353316605091095,"z":-0.039960797876119617,"w":-0.9497597217559815},"size":54.576236724853519,"orthographic":false}