{"cameraMode":{"drawMode":0,"name":"Shaded","section":"Shading Mode"},"sceneLighting":false,"audioPlay":false,"sceneViewState":{"showFog":true,"showMaterialUpdate":false,"showSkybox":true,"showFlares":true,"showImageEffects":true,"showParticleSystems":true},"in2DMode":false,"pivot":{"x":-7.3470635414123539,"y":0.29180023074150088,"z":-23.701732635498048},"rotation":{"x":0.08940435945987702,"y":-0.6645658016204834,"z":0.08011487871408463,"w":0.7378578782081604},"size":5.656952857971191,"orthographic":false}