{"cameraMode":{"drawMode":0,"name":"Shaded","section":"Shading Mode"},"sceneLighting":false,"audioPlay":false,"sceneViewState":{"showFog":true,"showMaterialUpdate":false,"showSkybox":true,"showFlares":true,"showImageEffects":true,"showParticleSystems":true},"in2DMode":false,"pivot":{"x":8.541004180908204,"y":0.4261428415775299,"z":-30.802688598632814},"rotation":{"x":-0.2539006471633911,"y":-0.3132731020450592,"z":0.087283194065094,"w":-0.9109559059143066},"size":4.11745548248291,"orthographic":false}