{"cameraMode":{"drawMode":0,"name":"Shaded","section":"Shading Mode"},"sceneLighting":false,"audioPlay":false,"sceneViewState":{"showFog":true,"showMaterialUpdate":false,"showSkybox":true,"showFlares":true,"showImageEffects":true,"showParticleSystems":true},"in2DMode":false,"pivot":{"x":-0.7090641260147095,"y":0.6252689957618713,"z":-33.31672668457031},"rotation":{"x":-0.03122757188975811,"y":0.9673737287521362,"z":-0.20348240435123444,"w":-0.148971289396286},"size":1.948801040649414,"orthographic":false}