{"cameraMode":{"drawMode":0,"name":"Shaded","section":"Shading Mode"},"sceneLighting":false,"audioPlay":false,"sceneViewState":{"showFog":true,"showMaterialUpdate":false,"showSkybox":true,"showFlares":true,"showImageEffects":true,"showParticleSystems":true},"in2DMode":false,"pivot":{"x":7.745062828063965,"y":0.5026967525482178,"z":-35.155662536621097},"rotation":{"x":-0.23806923627853394,"y":0.5680089592933655,"z":-0.17569273710250855,"w":-0.7682845592498779},"size":3.0572454929351808,"orthographic":false}