{"cameraMode":{"drawMode":0,"name":"Shaded","section":"Shading Mode"},"sceneLighting":true,"audioPlay":false,"sceneViewState":{"showFog":true,"showMaterialUpdate":false,"showSkybox":true,"showFlares":true,"showImageEffects":true,"showParticleSystems":true},"in2DMode":false,"pivot":{"x":7.055293083190918,"y":1.3826717138290406,"z":-34.000831604003909},"rotation":{"x":0.07628753036260605,"y":0.9186695218086243,"z":-0.21928074955940247,"w":0.31960329413414},"size":3.0571699142456056,"orthographic":false}