{"cameraMode":{"drawMode":0,"name":"Shaded","section":"Shading Mode"},"sceneLighting":false,"audioPlay":false,"sceneViewState":{"showFog":true,"showMaterialUpdate":false,"showSkybox":true,"showFlares":true,"showImageEffects":true,"showParticleSystems":true},"in2DMode":false,"pivot":{"x":8.966017723083496,"y":0.9559828042984009,"z":-24.428489685058595},"rotation":{"x":-0.1567234843969345,"y":-0.15524619817733766,"z":0.024689940735697748,"w":-0.9751874208450317},"size":5.033307075500488,"orthographic":false}