{"cameraMode":{"drawMode":0,"name":"Shaded","section":"Shading Mode"},"sceneLighting":true,"audioPlay":false,"sceneViewState":{"showFog":true,"showMaterialUpdate":false,"showSkybox":true,"showFlares":true,"showImageEffects":true,"showParticleSystems":true},"in2DMode":false,"pivot":{"x":-4.5332183837890629,"y":0.5187163352966309,"z":-29.221452713012697},"rotation":{"x":-0.10124155879020691,"y":-0.8969276547431946,"z":0.33332347869873049,"w":-0.27244436740875246},"size":4.228954315185547,"orthographic":false}