{"cameraMode":{"drawMode":0,"name":"Shaded","section":"Shading Mode"},"sceneLighting":false,"audioPlay":false,"sceneViewState":{"showFog":true,"showMaterialUpdate":false,"showSkybox":true,"showFlares":true,"showImageEffects":true,"showParticleSystems":true},"in2DMode":false,"pivot":{"x":6.9201178550720219,"y":0.6588401198387146,"z":-27.688953399658204},"rotation":{"x":-0.24869592487812043,"y":0.1351693719625473,"z":-0.034988731145858768,"w":-0.9586882591247559},"size":1.271125316619873,"orthographic":false}