{"cameraMode":{"drawMode":0,"name":"Shaded","section":"Shading Mode"},"sceneLighting":false,"audioPlay":false,"sceneViewState":{"showFog":true,"showMaterialUpdate":false,"showSkybox":true,"showFlares":true,"showImageEffects":true,"showParticleSystems":true},"in2DMode":false,"pivot":{"x":-1.243661642074585,"y":1.361297369003296,"z":-26.71997833251953},"rotation":{"x":-0.08054285496473313,"y":0.3817893862724304,"z":-0.033428292721509936,"w":-0.9201955199241638},"size":55.75870132446289,"orthographic":false}