{"cameraMode":{"drawMode":0,"name":"Shaded","section":"Shading Mode"},"sceneLighting":false,"audioPlay":false,"sceneViewState":{"showFog":true,"showMaterialUpdate":false,"showSkybox":true,"showFlares":true,"showImageEffects":true,"showParticleSystems":true},"in2DMode":false,"pivot":{"x":6.967836856842041,"y":1.2643016576766968,"z":-27.62186050415039},"rotation":{"x":-0.19932320713996888,"y":0.4518392086029053,"z":-0.1042003333568573,"w":-0.8635315299034119},"size":1.5711252689361573,"orthographic":false}