{"cameraMode":{"drawMode":0,"name":"Shaded","section":"Shading Mode"},"sceneLighting":false,"audioPlay":false,"sceneViewState":{"showFog":true,"showMaterialUpdate":false,"showSkybox":false,"showFlares":true,"showImageEffects":true,"showParticleSystems":true},"in2DMode":false,"pivot":{"x":-1.161433219909668,"y":7.883638381958008,"z":-5.0768327713012699},"rotation":{"x":0.19686217606067658,"y":-0.6511772871017456,"z":0.18043774366378785,"w":0.7104617357254028},"size":18.201387405395509,"orthographic":false}