{"cameraMode":{"drawMode":0,"name":"Shaded","section":"Shading Mode"},"sceneLighting":false,"audioPlay":false,"sceneViewState":{"showFog":true,"showMaterialUpdate":false,"showSkybox":false,"showFlares":true,"showImageEffects":true,"showParticleSystems":true},"in2DMode":false,"pivot":{"x":-0.700041651725769,"y":-0.01092684268951416,"z":-5.494598388671875},"rotation":{"x":0.13555483520030976,"y":-0.843704104423523,"z":0.2515813112258911,"w":0.45446309447288515},"size":3.3272860050201418,"orthographic":false}