{"cameraMode":{"drawMode":0,"name":"Shaded","section":"Shading Mode"},"sceneLighting":false,"audioPlay":false,"sceneViewState":{"showFog":true,"showMaterialUpdate":false,"showSkybox":false,"showFlares":true,"showImageEffects":true,"showParticleSystems":true},"in2DMode":false,"pivot":{"x":-22.235240936279298,"y":18.21433448791504,"z":-0.9189910888671875},"rotation":{"x":0.026036901399493219,"y":-0.966842532157898,"z":0.22924740612506867,"w":0.10981424152851105},"size":4.011213779449463,"orthographic":false}