{"cameraMode":{"drawMode":0,"name":"Shaded","section":"Shading Mode"},"sceneLighting":false,"audioPlay":false,"sceneViewState":{"showFog":true,"showMaterialUpdate":false,"showSkybox":false,"showFlares":true,"showImageEffects":true,"showParticleSystems":true},"in2DMode":false,"pivot":{"x":12.412836074829102,"y":5.962399482727051,"z":39.92827224731445},"rotation":{"x":0.02425789088010788,"y":-0.9752392172813416,"z":0.13873523473739625,"w":0.1705271452665329},"size":17.51580047607422,"orthographic":false}