{"cameraMode":{"drawMode":0,"name":"Shaded","section":"Shading Mode"},"sceneLighting":true,"audioPlay":false,"sceneViewState":{"showFog":true,"showMaterialUpdate":false,"showSkybox":true,"showFlares":true,"showImageEffects":true,"showParticleSystems":true},"in2DMode":false,"pivot":{"x":13.044635772705079,"y":0.9072608947753906,"z":-26.006866455078126},"rotation":{"x":-0.21697017550468446,"y":-0.29790157079696658,"z":0.0694674476981163,"w":-0.9271482229232788},"size":38.38159942626953,"orthographic":false}