{"cameraMode":{"drawMode":0,"name":"Shaded","section":"Shading Mode"},"sceneLighting":true,"audioPlay":false,"sceneViewState":{"showFog":true,"showMaterialUpdate":false,"showSkybox":true,"showFlares":true,"showImageEffects":true,"showParticleSystems":true},"in2DMode":false,"pivot":{"x":14113.7890625,"y":8353.6865234375,"z":38073.72265625},"rotation":{"x":-0.06088286265730858,"y":-0.8110980987548828,"z":0.08569375425577164,"w":-0.5754678249359131},"size":17.020986557006837,"orthographic":false}