{"cameraMode":{"drawMode":0,"name":"Shaded","section":"Shading Mode"},"sceneLighting":false,"audioPlay":false,"sceneViewState":{"showFog":true,"showMaterialUpdate":false,"showSkybox":true,"showFlares":true,"showImageEffects":true,"showParticleSystems":true},"in2DMode":false,"pivot":{"x":1.440408706665039,"y":5.7599196434021,"z":-21.05670166015625},"rotation":{"x":-0.27851635217666628,"y":-0.10100302845239639,"z":0.02924804762005806,"w":-0.954785168170929},"size":21.909204483032228,"orthographic":false}