{"cameraMode":{"drawMode":0,"name":"Shaded","section":"Shading Mode"},"sceneLighting":true,"audioPlay":false,"sceneViewState":{"showFog":true,"showMaterialUpdate":false,"showSkybox":true,"showFlares":true,"showImageEffects":true,"showParticleSystems":true},"in2DMode":false,"pivot":{"x":3.5129752159118654,"y":7.162460803985596,"z":-1.5347061157226563},"rotation":{"x":-0.0026510583702474834,"y":-0.993115246295929,"z":0.11552679538726807,"w":-0.02204764634370804},"size":28.533811569213868,"orthographic":false}