{"cameraMode":{"drawMode":0,"name":"Shaded","section":"Shading Mode"},"sceneLighting":false,"audioPlay":false,"sceneViewState":{"showFog":true,"showMaterialUpdate":false,"showSkybox":true,"showFlares":true,"showImageEffects":true,"showParticleSystems":true},"in2DMode":false,"pivot":{"x":0.025119110941886903,"y":0.9574336409568787,"z":0.14240992069244386},"rotation":{"x":0.1868293136358261,"y":-0.289529949426651,"z":0.057725150138139728,"w":0.93699711561203},"size":4.293794631958008,"orthographic":false}