{"cameraMode":{"drawMode":0,"name":"Shaded","section":"Shading Mode"},"sceneLighting":true,"audioPlay":false,"sceneViewState":{"showFog":true,"showMaterialUpdate":false,"showSkybox":true,"showFlares":true,"showImageEffects":true,"showParticleSystems":true},"in2DMode":false,"pivot":{"x":3.983678102493286,"y":1.411139965057373,"z":-24.932048797607423},"rotation":{"x":-0.010470218025147915,"y":0.9353786110877991,"z":-0.35240963101387026,"w":-0.027787460014224054},"size":11.085489273071289,"orthographic":false}