{"cameraMode":{"drawMode":0,"name":"Shaded","section":"Shading Mode"},"sceneLighting":false,"audioPlay":false,"sceneViewState":{"showFog":true,"showMaterialUpdate":false,"showSkybox":false,"showFlares":true,"showImageEffects":true,"showParticleSystems":true},"in2DMode":false,"pivot":{"x":-22.84912109375,"y":17.873023986816408,"z":-0.43653035163879397},"rotation":{"x":-0.0076296948827803139,"y":-0.9831877946853638,"z":0.1777016520500183,"w":-0.04220905527472496},"size":3.1112139225006105,"orthographic":false}