{"cameraMode":{"drawMode":0,"name":"Shaded","section":"Shading Mode"},"sceneLighting":true,"audioPlay":false,"sceneViewState":{"showFog":true,"showMaterialUpdate":false,"showSkybox":true,"showFlares":true,"showImageEffects":true,"showParticleSystems":true},"in2DMode":false,"pivot":{"x":-15.413833618164063,"y":0.7469949722290039,"z":12.33208179473877},"rotation":{"x":0.055570196360349658,"y":-0.7266484498977661,"z":0.05924154818058014,"w":0.6822892427444458},"size":58.13702392578125,"orthographic":false}