{"cameraMode":{"drawMode":0,"name":"Shaded","section":"Shading Mode"},"sceneLighting":false,"audioPlay":false,"sceneViewState":{"showFog":true,"showMaterialUpdate":false,"showSkybox":true,"showFlares":true,"showImageEffects":true,"showParticleSystems":true},"in2DMode":false,"pivot":{"x":4.837292194366455,"y":0.7335403561592102,"z":-25.88888931274414},"rotation":{"x":-0.23806923627853394,"y":0.5680089592933655,"z":-0.17569273710250855,"w":-0.7682845592498779},"size":2.0808680057525636,"orthographic":false}