{"cameraMode":{"drawMode":0,"name":"Shaded","section":"Shading Mode"},"sceneLighting":true,"audioPlay":false,"sceneViewState":{"showFog":true,"showMaterialUpdate":false,"showSkybox":true,"showFlares":true,"showImageEffects":true,"showParticleSystems":true},"in2DMode":false,"pivot":{"x":0.18911142647266389,"y":-1.0190024375915528,"z":-24.833980560302736},"rotation":{"x":-0.22196979820728303,"y":0.0040068491362035278,"z":-0.0011557791149243713,"w":-0.9751759767532349},"size":11.82012939453125,"orthographic":false}