{"cameraMode":{"drawMode":0,"name":"Shaded","section":"Shading Mode"},"sceneLighting":false,"audioPlay":false,"sceneViewState":{"showFog":true,"showMaterialUpdate":false,"showSkybox":true,"showFlares":true,"showImageEffects":true,"showParticleSystems":true},"in2DMode":false,"pivot":{"x":18.26985740661621,"y":0.4497658610343933,"z":-4.657525062561035},"rotation":{"x":-0.036958806216716769,"y":0.9612990021705627,"z":-0.22033154964447022,"w":-0.1612536758184433},"size":1.0735414028167725,"orthographic":false}