{"cameraMode":{"drawMode":0,"name":"Shaded","section":"Shading Mode"},"sceneLighting":false,"audioPlay":false,"sceneViewState":{"showFog":true,"showMaterialUpdate":false,"showSkybox":true,"showFlares":true,"showImageEffects":true,"showParticleSystems":true},"in2DMode":false,"pivot":{"x":2.6434333324432375,"y":0.5073632001876831,"z":-25.393117904663087},"rotation":{"x":0.10361366719007492,"y":-0.022006651386618615,"z":0.0025528650730848314,"w":0.9945991039276123},"size":4.280179023742676,"orthographic":false}