{"cameraMode":{"drawMode":0,"name":"Shaded","section":"Shading Mode"},"sceneLighting":true,"audioPlay":false,"sceneViewState":{"showFog":true,"showMaterialUpdate":false,"showSkybox":true,"showFlares":true,"showImageEffects":true,"showParticleSystems":true},"in2DMode":false,"pivot":{"x":-43.00614929199219,"y":0.09263134002685547,"z":36.25121307373047},"rotation":{"x":-0.1917305439710617,"y":0.2534795105457306,"z":-0.051334068179130557,"w":-0.9467620849609375},"size":4.664820194244385,"orthographic":false}