{"cameraMode":{"drawMode":0,"name":"Shaded","section":"Shading Mode"},"sceneLighting":true,"audioPlay":false,"sceneViewState":{"showFog":true,"showMaterialUpdate":false,"showSkybox":true,"showFlares":true,"showImageEffects":true,"showParticleSystems":true},"in2DMode":false,"pivot":{"x":0.07802104949951172,"y":3.8270926475524904,"z":1.0558526515960694},"rotation":{"x":-0.13809941709041596,"y":0.7215090394020081,"z":-0.15068677067756654,"w":-0.6618415713310242},"size":4.864997386932373,"orthographic":false}