{"cameraMode":{"drawMode":0,"name":"Shaded","section":"Shading Mode"},"sceneLighting":true,"audioPlay":false,"sceneViewState":{"showFog":true,"showMaterialUpdate":false,"showSkybox":true,"showFlares":true,"showImageEffects":true,"showParticleSystems":true},"in2DMode":false,"pivot":{"x":-2.467294692993164,"y":-5.625515460968018,"z":-30.260391235351564},"rotation":{"x":0.2038973867893219,"y":-0.7655656337738037,"z":0.29106470942497256,"w":0.5363358855247498},"size":29.11859130859375,"orthographic":false}