{"cameraMode":{"drawMode":0,"name":"Shaded","section":"Shading Mode"},"sceneLighting":false,"audioPlay":false,"sceneViewState":{"showFog":true,"showMaterialUpdate":false,"showSkybox":true,"showFlares":true,"showImageEffects":true,"showParticleSystems":true},"in2DMode":false,"pivot":{"x":-9.317304611206055,"y":-4.830923557281494,"z":-17.810104370117189},"rotation":{"x":0.17263798415660859,"y":-0.5046062469482422,"z":0.10377202183008194,"w":0.839546799659729},"size":18.466848373413087,"orthographic":false}