{"cameraMode":{"drawMode":0,"name":"Shaded","section":"Shading Mode"},"sceneLighting":false,"audioPlay":false,"sceneViewState":{"showFog":true,"showMaterialUpdate":false,"showSkybox":true,"showFlares":true,"showImageEffects":true,"showParticleSystems":true},"in2DMode":false,"pivot":{"x":6.112133026123047,"y":0.3221013844013214,"z":-20.930221557617189},"rotation":{"x":0.22973527014255525,"y":-0.4595474302768707,"z":0.1243806779384613,"w":0.8488723635673523},"size":1.3735387325286866,"orthographic":false}