{"cameraMode":{"drawMode":0,"name":"Shaded","section":"Shading Mode"},"sceneLighting":false,"audioPlay":false,"sceneViewState":{"showFog":true,"showMaterialUpdate":false,"showSkybox":true,"showFlares":true,"showImageEffects":true,"showParticleSystems":true},"in2DMode":false,"pivot":{"x":-2.762220859527588,"y":0.29180029034614565,"z":-36.56166076660156},"rotation":{"x":0.4813080430030823,"y":-0.45664864778518679,"z":0.3254644572734833,"w":0.6740725636482239},"size":8.407917022705079,"orthographic":false}