{"cameraMode":{"drawMode":0,"name":"Shaded","section":"Shading Mode"},"sceneLighting":true,"audioPlay":false,"sceneViewState":{"showFog":true,"showMaterialUpdate":false,"showSkybox":true,"showFlares":true,"showImageEffects":true,"showParticleSystems":true},"in2DMode":false,"pivot":{"x":11.807668685913086,"y":0.46515315771102908,"z":-28.9576416015625},"rotation":{"x":-0.12346489727497101,"y":0.24644050002098084,"z":-0.03167000412940979,"w":-0.9607406854629517},"size":14.603226661682129,"orthographic":false}