{"cameraMode":{"drawMode":0,"name":"Shaded","section":"Shading Mode"},"sceneLighting":false,"audioPlay":false,"sceneViewState":{"showFog":true,"showMaterialUpdate":false,"showSkybox":false,"showFlares":true,"showImageEffects":true,"showParticleSystems":true},"in2DMode":false,"pivot":{"x":-0.6630513668060303,"y":-0.04465532302856445,"z":-5.510604381561279},"rotation":{"x":0.13555483520030976,"y":-0.843704104423523,"z":0.2515813112258911,"w":0.45446309447288515},"size":4.527286052703857,"orthographic":false}