{"cameraMode":{"drawMode":0,"name":"Shaded","section":"Shading Mode"},"sceneLighting":true,"audioPlay":false,"sceneViewState":{"showFog":true,"showMaterialUpdate":false,"showSkybox":true,"showFlares":true,"showImageEffects":true,"showParticleSystems":true},"in2DMode":false,"pivot":{"x":4.9929518699646,"y":-4.130481719970703,"z":-13.838964462280274},"rotation":{"x":-0.13967935740947724,"y":0.12942543625831605,"z":-0.018266690894961358,"w":-0.9817533493041992},"size":41.463687896728519,"orthographic":false}