{"cameraMode":{"drawMode":0,"name":"Shaded","section":"Shading Mode"},"sceneLighting":false,"audioPlay":false,"sceneViewState":{"showFog":true,"showMaterialUpdate":false,"showSkybox":true,"showFlares":true,"showImageEffects":true,"showParticleSystems":true},"in2DMode":false,"pivot":{"x":8.497291564941407,"y":0.7335403561592102,"z":-27.740036010742189},"rotation":{"x":-0.2553631067276001,"y":0.35147300362586977,"z":-0.10016912966966629,"w":-0.8953494429588318},"size":5.442499160766602,"orthographic":false}