{"cameraMode":{"drawMode":0,"name":"Shaded","section":"Shading Mode"},"sceneLighting":false,"audioPlay":false,"sceneViewState":{"showFog":true,"showMaterialUpdate":false,"showSkybox":true,"showFlares":true,"showImageEffects":true,"showParticleSystems":true},"in2DMode":false,"pivot":{"x":63.58571243286133,"y":0.7610927820205689,"z":-10.395373344421387},"rotation":{"x":-0.06588329374790192,"y":0.877436637878418,"z":-0.1261611133813858,"w":-0.4581395387649536},"size":5.023158073425293,"orthographic":false}