{"cameraMode":{"drawMode":0,"name":"Shaded","section":"Shading Mode"},"sceneLighting":true,"audioPlay":false,"sceneViewState":{"showFog":true,"showMaterialUpdate":false,"showSkybox":true,"showFlares":true,"showImageEffects":true,"showParticleSystems":true},"in2DMode":false,"pivot":{"x":-8.37289810180664,"y":-4.565728187561035,"z":10.249107360839844},"rotation":{"x":0.16598376631736756,"y":0.029030311852693559,"z":-0.004816026892513037,"w":0.9857957363128662},"size":48.10793685913086,"orthographic":false}