{"cameraMode":{"drawMode":0,"name":"Shaded","section":"Shading Mode"},"sceneLighting":false,"audioPlay":false,"sceneViewState":{"showFog":true,"showMaterialUpdate":false,"showSkybox":true,"showFlares":true,"showImageEffects":true,"showParticleSystems":true},"in2DMode":false,"pivot":{"x":0.18844953179359437,"y":-0.01794855296611786,"z":0.008864268660545349},"rotation":{"x":-0.333915650844574,"y":0.12867115437984467,"z":-0.04607018083333969,"w":-0.932648241519928},"size":0.6311603784561157,"orthographic":false}