{"cameraMode":{"drawMode":0,"name":"Shaded","section":"Shading Mode"},"sceneLighting":true,"audioPlay":false,"sceneViewState":{"showFog":true,"showMaterialUpdate":false,"showSkybox":true,"showFlares":true,"showImageEffects":true,"showParticleSystems":true},"in2DMode":false,"pivot":{"x":14.473994255065918,"y":11.665088653564454,"z":50.407958984375},"rotation":{"x":0.028370864689350129,"y":0.9478244185447693,"z":-0.08719553798437119,"w":0.3059234917163849},"size":21.182287216186525,"orthographic":false}