{"cameraMode":{"drawMode":0,"name":"Shaded","section":"Shading Mode"},"sceneLighting":false,"audioPlay":false,"sceneViewState":{"showFog":true,"showMaterialUpdate":false,"showSkybox":true,"showFlares":true,"showImageEffects":true,"showParticleSystems":true},"in2DMode":false,"pivot":{"x":4.067074775695801,"y":1.6945198774337769,"z":-24.781572341918947},"rotation":{"x":-0.06588329374790192,"y":0.877436637878418,"z":-0.1261611133813858,"w":-0.4581395387649536},"size":6.691152572631836,"orthographic":false}