{"cameraMode":{"drawMode":0,"name":"Shaded","section":"Shading Mode"},"sceneLighting":true,"audioPlay":false,"sceneViewState":{"showFog":true,"showMaterialUpdate":false,"showSkybox":true,"showFlares":true,"showImageEffects":true,"showParticleSystems":true},"in2DMode":false,"pivot":{"x":28.382423400878908,"y":5.8813018798828129,"z":-31.084182739257814},"rotation":{"x":0.28247734904289248,"y":0.10935263335704804,"z":-0.0324353389441967,"w":0.9524736404418945},"size":174.94998168945313,"orthographic":false}