{"cameraMode":{"drawMode":0,"name":"Shaded","section":"Shading Mode"},"sceneLighting":false,"audioPlay":false,"sceneViewState":{"showFog":true,"showMaterialUpdate":false,"showSkybox":true,"showFlares":true,"showImageEffects":true,"showParticleSystems":true},"in2DMode":false,"pivot":{"x":5.926217555999756,"y":0.3271060585975647,"z":-21.17613983154297},"rotation":{"x":0.18515591323375703,"y":-0.6450621485710144,"z":0.16527441143989564,"w":0.7227126955986023},"size":1.6735386848449708,"orthographic":false}