{"cameraMode":{"drawMode":0,"name":"Shaded","section":"Shading Mode"},"sceneLighting":false,"audioPlay":false,"sceneViewState":{"showFog":true,"showMaterialUpdate":false,"showSkybox":true,"showFlares":true,"showImageEffects":true,"showParticleSystems":true},"in2DMode":false,"pivot":{"x":63.28554153442383,"y":0.8319368362426758,"z":-10.000818252563477},"rotation":{"x":-0.06588329374790192,"y":0.877436637878418,"z":-0.1261611133813858,"w":-0.4581395387649536},"size":5.023158073425293,"orthographic":false}