{"cameraMode":{"drawMode":0,"name":"Shaded","section":"Shading Mode"},"sceneLighting":true,"audioPlay":false,"sceneViewState":{"showFog":true,"showMaterialUpdate":false,"showSkybox":true,"showFlares":true,"showImageEffects":true,"showParticleSystems":true},"in2DMode":false,"pivot":{"x":-1.9973516464233399,"y":-8.144292831420899,"z":-15.811275482177735},"rotation":{"x":0.30994167923927309,"y":-0.45728594064712527,"z":0.1738579422235489,"w":0.8152434825897217},"size":18.98969078063965,"orthographic":false}